Communes,Targeted Markets,Location,Data Presented
Cap-Haïtien,Cluny Market,City Center,
Dondon,"1- Dondon Market
2- St Germain Market","1- City Center
2- Laguille/ Haut du Trou",Average of the markets
Borgne,"1- Petit-Bourg
2- Borgne","1- Petit-Bourg
2- City Center",Average of the markets
Ranquitte,"1- Garde-Iram Market
2- Ranquitte Market","1- Garde-Iram
2- City Center",Average of the markets
St Raphaël,"1- St Raphaël Market
2- Ti Campêche Market","1- City Center
2- Ti Campêche",Average of the markets
Bahon,Bahon Market,City Center,
Limonade,Limonade Market,City Center,
Limbé,Limbé Market,City Center,
