Communes,Target Markets,Location,Data Presented
Cap-Haïtien,Cluny Market,City Center,
Dondon,"1-Dondon Market
2-St Germain Market","1-City Center
2-Laguille/ Haut du Trou",Market Averages
Borgne,"1-Petit-Bourg
2-Borgne","1-Petit-Bourg
2-City Center",Market Averages
Ranquitte,"1-Garde-Iram Market
2-Ranquitte Market","1-Garde-Iram
2-City Center",Market Averages
St Raphaël,"1-St Raphaël Market
2-Ti Campêche Market","1-City Center
2-Ti Campêche",Market Averages
Bahon,Bahon Market,City Center,
Limonade,Limonade Market,City Center,
Limbé,Limbé Market,City Center,
